id;departemen_id;foto;judul;deskripsi
1;1;d01-fasilitas1.png;Laboratorium Protomodel;Laboratorium ini berorientasi pada penelitian dan pengembangan model, mockup dan prototipe produk inovatif.
2;1;d01-fasilitas2.png;Integrated Digital Design Laboratory;Laboratorium ini berorientasi pada penelitian dan pengembangan model, mockup, dan prototipe dengan Desain Digital Terpadu
3;1;d01-fasilitas3.jpg;Human Centered Design Laboratory;Laboratorium desain yang berpusat pada manusia berorientasi pada penelitian dan pengembangan produk yang terkait dengan faktor kenyamanan, keamanan dan kesehatan pengguna.
4;1;d01-fasilitas4.jpg;Strategic Design & Management Laboratory;Laboratorium yang berfokus pada penelitian dan pengembangan metode kualitatif dan kuantitatif meliputi penelitian visual, etnografi, komunikasi pemasaran, branding, dan desain manajemen strategis.
5;2;d02-fasilitas1.jpg;Laboratorium Perilaku dan Lingkungan;Laboratorium ini mengembangkan dan meneliti hubungan antara manusia (sebagai penghuni interior) dengan desain interior dimana dia berada di dalamnya.
6;2;d02-fasilitas2.jpg;Laboratorium Estetika dan Budaya;Laboratorium ini mengembangkan dan meneliti perkembangan estetika, transformasi budaya, dan metode desain interior.
7;2;d02-fasilitas3.jpg;Laboratorium Sains Interior.;Laboratorium ini mengembangkan dan meneliti perkembangan teknologi dan keilmuan bangunan serta lingkungan interiornya
8;2;d02-fasilitas4.jpg;Studio Animasi dan Perancangan;Studio tersebut merupakan salah satu laboratotium dan studio pendukung kegiatan belajar mengajar di Departemen Desain Interior ITS yang fungsi utama dari Studio Animasi dan Perancangan adalah menyediakan fasilitas-fasilitas pendukung kesuksesan kegiatan perkuliahan serta praktikum untuk beberapa mata kuliah terterntu
9;3;d03-fasilitas1.jpg;Studio Fotografi;Merupakan salah satu lab pendukung kegiatan belajar mengajar di Desain Komunikasi Visual ITS yang menyediakan fasilitas-fasilitas pendukung kesuksesan kegiatan perkuliahan serta praktikum untuk beberapa mata kuliah tertentu
10;3;d03-fasilitas2.jpg;Ruang Baca;Ruang Baca Desain Komunikasi Visual adalah salah satu ruang baca Departemen Desain Produk yang berada di gedung Desain Produk lantai 1 ruang 107.
11;3;d03-fasilitas3.jpg;Laboratorium Komputer;
12;3;d03-fasilitas4.jpg;Laboratorium Media Dan Digital Kreatif;Laboratorium Media Kreatif dan Digital (Lab MEKDI) bertujuan melakukan penelitian dan pengembangan keilmuan di bidang desain, media komunikasi visual dan konten kreatif berbasis digital maupun konvensional untuk kebutuhan komunikasi.
13;3;d03-fasilitas5.png;Laboratorium Branding & Communication Strategy;Dipergunakan untuk mata kuliah ilustrasi digital,  mata kuliah studio DKV, digital imaging, desain web, 3D, dan animasi , seperti Dasar Desain, Tipografi, Menggambar, Ilustrasi, dan sebagainya.
14;4;d04-fasilitas1.jpg;Laboratorium Entrepreneurship and Small Medium Enterprises;Laboratorium ESME berfokus pada penelitian serta pengajaran topik manajemen pemasaran, manajemen sumber daya manusia, kewirausahaan, pengukuran kinerja, dan data envelopment analysis.
15;4;d04-fasilitas2.jpg;Laboratorium Business Analytics and Strategy (BAS);BAS adalah laboratorium berbasis edukasi yang bergerak dibidang manajemen operasi, manajemen keuangan, dan manajemen strategi. Laboratorium BAS memiliki nilai-nilai sebagai berikut: Professional, Responsive, Teamwork, Integrity.
16;4;d04-fasilitas3.jpg;Galeri Investasi BEI;Fasilitas hasil kerjasama Departemen Manajemen Bisnis dengan Bursa Efek Indonesia (BEI)
17;4;d04-fasilitas4.jpg;Ruang kuliah;Ruang kuliah memiliki fasilitas yang memadai, dimana setiap dilengkapi dengan AC, LCD Projector, High-Speed Internet, dan perlengkapan modern lainnya sehingga kegiatan belajar-mengajar menjadi lebih nyaman.
18;5;d05-fasilitas1.jpg;Ruang Kelas;Departemen Studi Pembangunan memiliki 8 Ruang Kelas yang dilengkapi berbagai fasilitas penunjang, antara lain : Air Conditioner, LCD Projector, dsb. Ruang Kelas Departemen Studi Pembangunan terletak di Gedung S ITS.
19;5;d05-fasilitas2.jpg;Aula;Departemen ini juga mempunyai Aula yang digunakan untuk seminar dan ruang pertemuan.
20;5;d05-fasilitas3.jpg;Smart Classroom;
21;5;d05-fasilitas4.jpg;Laboratorium Manajemen Sumber Daya dan Teknologi Pembangunan;
22;5;d05-fasilitas5.jpg;Laboratorium Sosial Humaniora;
23;7;d07-fasilitas1.jpg;Laboratorium Fisika Dasar;
24;7;d07-fasilitas2.jpg;Laboratorium Material Maju;Mempelajari dan meneliti berbagai jenis material keramik, polimer, logam, semikonduktor, superkonduktor.
25;7;d07-fasilitas3.jpg;Laboratorium Instrumentasi ;Mempelajari, meneliti dan mengembangkan tentang sensor, pengukuran, dan akuisisi data baik analog maupun digital dan secara online maupun real time.
26;7;d07-fasilitas4.jpg;Laboratorium Fisika Modern dan Gelombang ;
27;7;d07-fasilitas5.jpg;Laboratorium Fisika Teori dan Filsafat Alam;Mempelajari hukum fundamental di alam, secara spesifik tertarik pada penerapan teori medan kuantum pada fisika partikel dan isu aktual terkait.
28;7;d07-fasilitas6.jpg;Laboratorium Optoelektronika dan Elektromagnetika Terapan;Mempelajari dan meneliti piranti-piranti komunikasi optik (serat optik, dan device fotonik) dan microwave (antenna mobile communication, portable-phone).
29;7;d07-fasilitas7.jpg;Laboratorium Geofisika;Mempelajari gejala kebumian dan pemanfaatannya untuk pemetaan struktur alam dan batuan di bawah permukaan bumi.
30;7;d07-fasilitas8.jpg;Laboratorium Fisika Medis dan Biofisika;Fokus pembelajaran dan penelitian mengenai fisika radiasi dan dosimetri, aplikasi berkas radiasi eksternal dan internal yang diproduksi oleh pesawat terapi, serta perencanaan radioterapi eksternal dan internal. 
31;7;d07-fasilitas9.jpg;Ruang Baca;Ruang Baca Fisika hadir untuk memenuhi kebutuhan akan literasi. Kebutuhan akan literatur ini juga didukung oleh Perpustakaan Fisika ITS dengan 40.000 koleksi buku teks, 33.000 eksemplar jurnal dan jurnal on-line yang dapat diakses melalui koneksi LAN. 
32;7;d07-fasilitas10.jpg;Ruang Kelas;Ruang kelas yang representatif dan sangat menunjang kegiatan akademik serta memiliki berbagai fasilitas penunjang seperti, Air Conditioner, LCD Projector, Overhead Projector, dan CCTV.
33;7;d07-fasilitas11.jpg;Auditorium;Auditorium Departemen Fisika yang multifungsi untuk menunjang kegiatan akademik dan non-akademik
34;8;d08-fasilitas1.jpg;Laboratorium Analisis Aljabar dan Pembelajaran Matematika;Laboratorium penelitian mengenai aljabar, asimilasi data, dan analisis.
35;8;d08-fasilitas2.jpg;Laboratorium Pemodelan dan Simulasi;Laboratorium penelitian mengenai matematika kontrol dan asimilasi
36;8;d08-fasilitas3.jpg;Laboratorium Matematika Industri dan Keuangan ;Laboratorium penelitian mengenai riset operasi, optimisasi, teori probabilitas, dan time series.
37;8;d08-fasilitas4.jpg;Laboratorium Pemrograman dan Komputasi Visual ;Laboratorium penelitian mengenai Video Image Processing
38;8;d08-fasilitas5.jpg;Laboratorium Pembelajaran Mesin dan Big Data;Laboratorium penelitian mengenai bioinformatika, biomatematika, dan data mining.
39;8;d08-fasilitas6.jpg;Ruang Baca Matematika (RBM);Departemen Matematika memiliki Ruang Baca Matematika (RBM) dengan beragam koleksi buku dan literatur ilmiah. Sampai Saat ini RBM memiliki koleksi buku sebanyak 6.000 yang terdiri dari Teks Book, Jurnal, dan Karya ITS.
40;8;d08-fasilitas7.jpg;Ruang Kelas;Ruang kelas merupakan salah satu fasilitas yang disediakan oleh Departemen Matematika ITS untuk mahasiswa serta civitas akademik yang dapat digunakan untuk perkuliahan rutin setiap hari. Semua kelas yang ada di Departemen matematika sudah dilengkapi dengan LCD Projector, AC, dan Wifi
41;8;d08-fasilitas8.jpg;Ruang Sidang;Ruang sidang merupakan salah satu fasilitas yang disediakan oleh Departemen Matematika ITS untuk mahasiswa serta civitas akademik yang biasanya digunakan untuk kegiatan ujian Tugas Akhir/Tesis, rapat Departemen, Workshop dll. Semua ruang sidang yang ada di Departemen matematika sudah dilengkapi dengan LCD Projector, AC, dan Wifi.
42;9;d09-fasilitas1.jpg;Laboratorium Statistika Bisnis Industri;
43;9;d09-fasilitas2.jpg;Laboratorium Statistika Komputasi;
44;9;d09-fasilitas3.jpg;Laboratorium Ekonomi Finansial dan Aktuaria;
45;9;d09-fasilitas4.jpg;Laboratorium Statistika Lingkungan dan Kesehatan;
46;9;d09-fasilitas5.jpg;Laboratorium Sosial Kependudukan;
47;9;d09-fasilitas6.jpg;Perpustakaan;Perpustakaan Departemen Statistika memiliki ribuan koleksi buku teks, buku referensi dan buku ajar, jurnal-jurnal internasional dan nasional, hasil-hasil penelitian mahasiswa, Laporan Kerja Praktek mahasiswa, Laporan Penelitian Dosen Statistika ITS, buku ajar dan lainnya. 
48;9;d09-fasilitas7.jpg;Gazebo;
49;9;d09-fasilitas8.jpg;Mushola;
50;9;d09-fasilitas9.jpg;Taman Sigma;
51;9;d09-fasilitas10.jpg;Lapangan Basket;
52;10;d10-fasilitas1.jpg;Laboratorium Kimia Fundamental;Merupakan laboratorium pendidikan yang berfungsi untuk menunjang pelaksanaan praktikum perkuliahan, khususnya Program Studi Sarjana.
53;10;d10-fasilitas2.jpg;Laboratorium Instrumentasi dan Sains Analitik ;Mempelajari metode analisis dan pengolahan, kemo-biosensor serta pemanfaatan limbah menjadi bahan lain
54;10;d10-fasilitas3.jpg;Laboratorium Kimia Mikroorganisme;berfokus pada penelitian biokimia meliputi antibiotik, bioremediasi, enzim, lipid, dan kimia pangan.
55;10;d10-fasilitas4.jpg;Laboratorium Geokimia Molekuler;Penelitian meliputi kimia petroleum, kimia hulu migas, biomarka batubara dan proses geokimia organik, serta minyak atsiri.
56;10;d10-fasilitas5.jpg;Laboratorium Kimia Bahan Alam dan Sintesis;Meneliti tentang bahan kimia bioaktif (natural and synthetic), kimia medisinal, wewangian (fragrance), perasa (flavour), dan kajian komputasi struktur organik.
57;10;d10-fasilitas6.jpg;Laboratorium Kimia Material dan Energi;Penelitian tentang efisiensi dan alternatif bahan bakar fosil, bahan canggih, dan bahan untuk infrastruktur & lingkungan.
58;10;d10-fasilitas7.jpg;Ruang Kelas;Departemen Kimia memiliki ruang kelas dengan dilengkapi LCD Proyektor, AC dan Wifi di setiap ruangan sebagai penunjang proses belajar mengajar di Departemen Kimia ITS.
59;10;d10-fasilitas8.jpg;Ruang Baca;Ruang Baca Departemen Kimia merupakan salah satu fasilitas yang disediakan oleh Departemen Kimia ITS untuk mahasiswa serta civitas akademik dalam hal layanan peminjaman, pengembalian, pemanjangan, berbagai koleksi pustaka penunjang proses belajar mengajar di Departemen Kimia ITS.
60;10;d10-fasilitas9.jpg;Ruang Sidang;Departemen Kimia memiliki dua ruang sidang yang dilengkapi dengan LCD Proyektor, AC dan Wifi sebagai penunjang proses belajar mengajar di Departemen Kimia ITS.
61;11;d11-fasilitas1.jpg;Laboratorium Biosains dan Teknologi Tumbuhan;Laboratorium mengenai struktur tumbuhan dan ekofisiologi, metabolit sekunder tanaman, eksplorasi dan pemetaan tumbuhan, kultur jaringan, serta kultur tanaman in vitro
62;11;d11-fasilitas2.jpg;Laboratorium Zoologi dan Rekayasa Hewan;Penelitian berfokus pada struktur, perkembangan, sistematika, fisiologi, serta aspek pengembangan yang lebih komprehensif aplikasinya seperti bioteknologi dan teknologi rekayasa hewan.
63;11;d11-fasilitas3.jpg;Laboratorium Mikrobiologi dan Bioteknologi ;keanekaragaman mikroba dan fungsinya, biodegradasi senyawa organik dan anorganik, biotreatment logam berat, biodegradasi plastik, teknologi enzimatik, bioteknologi jamur, bioteknologi yeast, sistematika bakteri dan jamur, biomolekuler, fermentasi, bioenergi, biofertilizer , biomaterial, antioksidan dan antimikroba, serta mikrobiom
64;11;d11-fasilitas4.jpg;Laboratorium Ekologi.;Berfokus pada perencanaan rehabilitasi habitat serta konservasi biodiversitas terestrial dan laut.
65;11;d11-fasilitas5.jpg;Perpustakaan;Perpustakaan departemen biologi mempunyai ruang baca dan mencakup ribuan koleksi yang terdiri atas buku cetak, jurnal, majalah ilmiah dan sains, e-book, serta e-journal. Ruang baca juga dilengkapi fasilitas berupa printer dan komputer yang dilengkapi dengan sambungan internet melalui kabel LAN.
66;11;d11-fasilitas6.jpg;Ruang kelas;Ruang kelas Departemen Biologi terdiri dari 8 ruangan yang didalamnya terdapat 1 ruangan yang difungsikan sebagai ruang aula. Setiap kelas dilengkapi dengan sarana belajar dan mengajar yang lengkap seperti LCD, AC, Papan tulis dan WiFi. Ruang kelas Departemen Biologi memiliki rata-rata 40 kursi kuliah di setiap ruangan.
67;12;d12-fasilitas1.jpg;Laboratorium Manajemen Risiko dan Analitika Data Aktuaria;Departemen Aktuaria memiliki laboratorium manajemen risiko dan analitika data aktuaria yang diketuai oleh Pratnya Paramitha Oktaviana S.Si, M.Si, M. Sc. Di dalam laboratorium terdapat sekitar 40 komputer dan berbagai macam sarana penunjang seperti AC, LCD projector dan internet
68;12;d12-fasilitas2.jpg;Ruang Kelas;Ruang kelas yang dilengkapi dengan LCD Projector, AC, dan Wifi merupakan salah satu fasilitas yang disediakan oleh Departemen Aktuaria ITS untuk mahasiswa serta civitas akademik yang dapat digunakan untuk perkuliahan rutin setiap hari.
69;13;d13-fasilitas1.jpg;Laboratorium Instrumentasi, Pengukuran, dan Identifikasi Sistem Tenaga;Untuk mahasiswa sarjana, laboratorium ini melayani praktikum pengukuran listrik, yaitu praktikum dasar tentang cara menggunakan alat-alat ukur listrik. Selain itu laboratorium ini juga melayani mahasiswa sarjana maupun pasca sarjana untuk pengerjaan tugas akhir, thesis, maupun disertasi.
70;13;d13-fasilitas2.jpg;Laboratorium Konversi Energi Listrik;Bidang ilmu yang dipelajari dan dikembangkan di Laboratorium ini adalah semua hal yang berkaitan dengan prinsip pengkonversian energi listrik, teknologi elektronika daya, rekasaya energi terbarukan dan pengembangan mesin listrik.  Sebagai laboratorium pengajaran, Lab. KE juga memberikan praktikum dasar sistem tenaga listrik, elektronika daya dan mesin arus bolak balik.
71;13;d13-fasilitas3.jpg;Laboratorium Simulasi Sistem Tenaga Listrik;Lab ini berfokus di bidang pengembangan aplikasi simulasi dan analisis  Sistem Tenaga Listrik. Lab ini bertempat di ruang B.103 departemen Teknik Elektro – ITS. Adapun beberapa kegiatan laboratorium meliputi penelitian, pengajaran, praktikum, professional training, dan pengabdian masyarakat bidang sistem tenaga listrik.
72;13;d13-fasilitas4.jpg;Laboratorium Tegangan Tinggi;Pada laboratorium ini mahasiswa mempelajari fenomena tegangan tinggi termasuk proses kegagalan pada bahan dielektrik gas, padat, dan cair serta fenomena transien pada tegangan tinggi termasuk fenomena ferroresonansi dan arus inrush. Laboratorium Tegangan Tinggi juga mengembangkan sistem deteksi kerusakan sistem isolasi pada peralatan kelistrikan seperti motor listrik, transformator, dan sistem isolasi tegangan rendah.
73;13;d13-fasilitas5.jpg;Laboratorium Kontrol dan Otomasi;Lab ini merupakan salah satu laboratorium yang berada di Departemen Teknik Elektro, khususnya Bidang Studi Teknik Sistem Pengaturan. Topik penelitian yang terkait dengan lab ini adalah Robotic Control, Industrial Process Control, dan Mechatronics & Machine Tool for Industrial Automation. Lab ini memberikan layanan perkuliahan, praktikum, dan pelatihan untuk mahasiswa.
74;13;d13-fasilitas6.jpg;Laboratorium Sistem dan Sibernetika;Laboratorium Sistem dan Sibernetika adalah laboratorium yang mengembangkan, meningkatkan dan menemukan /inovasi baru dalam metode-metode teknik sistem dan sibernetika dan penerapannya dalam menyelesaikan permasalahan-permasalahan nyata pada industri dan organisasi. Bidang inti dari aktivitas laboratorium ini mencakup pemodelan, identifikasi, dan optimisasi sistem dengan aplikasi teknik (engineering) dan non-teknik.
75;13;d13-fasilitas7.jpg;Laboratorium Mikroelektronika dan Sistem Tertanam;Laboratorium Mikroelektronika dan Sistem Tertanam memberi sarana kepada para mahasiswa dalam mempelajari dasar sistem elektronika dan hukum-hukum rangkaian listrik dan aplikasinya pada sistem elektronika umum khususnya pada sistem elektronika industri.  Laboratorium ini melayani praktikum mahasiswa, pengerjaan tugas akhir dan tesis mahasiswa, penelitian mahasiswa bersama dosen, perkuliahan, dan kerja praktek mahasiswa
76;13;d13-fasilitas8.jpg;Laboratorium Elektronika Industri;Pada laboratorium ini terdiri dari tiga grup riset, yaitu: Sensor dan Aktuator, Akuisisi & Pemrosesan Sinyal, dan Robotika & Otomasi.
77;13;d13-fasilitas9.jpg;Laboratorium Elektronika Cerdas;Misi laboratorium ini adalah menghasilkan sarjana elektronika yang mampu menemukan, mengembangkan, dan mengimplementasikan teknik sistim elektronika pada berbagai bidang aplikasi.
78;13;d13-fasilitas10.jpg;Laboratorium Antena dan Propagasi;Pada laboratorium ini mahasiswa mempelajari radiasi dan perambatan gelombang elektromagnetik, dengan fokus pada antena, pengolahan sinyal untuk antena larik, propagasi gelombang radio, pemodelan kanal propagasi radio, sistem komunikasi radio, dan sistem radar.
79;13;d13-fasilitas11.jpg;Jaringan Telekomunikasi Multimedia;Laboratorium Jaringan Telekomunikasi memfasilitasi civitas akademika untuk belajar dan mengeksplorasi serta memberikan layanan kepada masyarakat dalam bidang jaringan internet (LAN, WAN), jaringan nirkabel (radio, seluler, satelit, dll.), protokol dan interface yang terkait dengan layanan berbasis jaringan, sistem keamanan dan manajemen jaringan, serta integrasi sistem dan layanan berbasis jaringan untuk daerah urban maupun rural, kebijakan dan regulasi terkait industri jaringan telekomunikasi serta pengembangan daerah melalui konsep smart city. 
80;13;d13-fasilitas12.jpg;Laboratorium Komunikasi Multimedia;Di laboratorium yang bertempat di Lab. B.304 Departement Teknik Elektro ini, mahasiswa dapat mempelajari seluruh aspek sistem telekomunikasi dari pemancar hingga penerima dengan memperhatikan sifat lingkungan, kanal dan jaringannya. 
81;13;d13-fasilitas13.jpg;Ruang baca;Melayani peminjaman, pengembalian, pemanjangan, berbagai koleksi pustaka penunjang proses belajar mengajar di Departemen Teknik Elektro ITS. Layanan buka hari Senin-Jumat pukul 08.00-16.00 WIB, kecuali hari libur.
82;13;d13-fasilitas14.jpg;Ruang Kelas;Ruang kelas Departemen Elektro dilengkapi dengan Air Conditioner, LCD Projector, Wifi Area
83;13;d13-fasilitas15.jpg;Kantin;Departemen Teknik Elektro memiliki kantin yang menyediakan berbagai macam menu makanan dan minuman
84;14;d14-fasilitas1.jpg;Laboratorium Elektronika Biomedia;Laboratorium mengenai Biomedical Instrumentation, Biomedical Signal Processing, dan Rehabilitation Engineering
85;14;d14-fasilitas2.jpg;Laboratorium Biocybernetic Engineering;Laboratorium yang berfokus pada computation, communication and control processes in biological systems and applications in biological, electronic and mechanical systems.
86;14;d15-fasilitas1.jpg;Lab Komputasi Multimedia;Laboratorium Komputasi Multimedia memberi sarana kepada para mahasiswa dalam mempelajari web development, embedded system, robotika, wireless sensor network, app development dan internet of things.
87;15;d15-fasilitas2.jpg;Lab Telematika;Pada laboratorium ini mahasiswa mempelajari dan mengembangkan teknologi jaringan komputer,multimedia, dan teknologi permainan.  Jaringan komputer yang dipelajari mencakup: komputasi grid, komputasi awan, big data, bussiness intellegence dan komputasi paralel. Untuk topik multimedia mencakup seputar permasalahan pemrosesan citra & video seperti sistem rekognisi, restorasi, dan penyajian. Teknologi permainan mencakup kecerdasan komputasional permainan, dynamic difficulty adjusment, machinema.
88;15;d15-fasilitas3.jpg;Lab Pengolahan Sinyal Digital;Pada laboratorium ini mahasiswa mempelajari berbagai jenis pengolahan sinyal digital, image, medical dan vision.
89;15;d15-fasilitas4.jpg;Ruang baca;Ruang Baca Departemen Teknik Komputer merupakan salah satu fasilitas yang disediakan oleh Departemen Teknik Komputer untuk mahasiswa serta civitas akademik dalam hal layanan peminjaman, pengembalian, pemanjangan, berbagai koleksi pustaka penunjang proses belajar mengajar di Departemen Teknik Komputer ITS.
90;15;d15-fasilitas5.jpg;Auditorium ;Departemen Teknik Komputer memiliki ruang auditorium untuk seminar maupun kuliah tamu.
91;15;d15-fasilitas6.jpg;Ruang kelas;Ruang Kelas di Departemen Teknik Komputer dilengkapi dengan AC, Internet High-Speed, LCD Proyektor dan CCTV untuk memantau kegiatan perkuliahan, sehingga membuat mahasiswa nyaman dalam mengikuti perkuliahan.
92;16;d16-fasilitas1.jpg;Laboratorium Rekayasa Perangkat Lunak;Di Laboratorium ini ditawarkan bidang minat yang berfokus pada keahlian melakukan pengujian perangkat lunak, Kemampuan mengelola proyek perangkat lunak, Kemampuan mengurangi resiko kesalahan perangkat lunak, dan Kemampuan membuat perangkat lunak game.
93;16;d16-fasilitas2.jpg;Labratorium Komputasi Berbasis Jaringan;Di Laboratorium ini ditawarkan bidang keahlian yang ditekankan pada Kemampuan lulusan sarjana/magister/doktor dalam membangun infrastruktur jaringan yang aman, kemampuan membangun sistem grid, Kemampuan membangun aplikasi jaringan sesuai Standard dan Kemampuan membangun aplikasi multimedia berbasis jaringan.
94;16;d16-fasilitas3.jpg;Lab Komputasi Cerdas dan Visi;Di Laboratorium ini ditawarkan bidang keahlian yang ditekankan pada kemampuan lulusan dalam memanipulasi dan menganalisis data citra pada berbagai bidang aplikasi (a.l. biomedika, industri), kemampuan menerapkan metode sistem cerdas pada berbagai bidang aplikasi dan kemampuan memodelkan dan mengoptimasikan sistem nyata.
95;16;d16-fasilitas4.jpg;Lab Arsitektur dan Jaringan Komputer;Laboratorium di bidang minat ini menawarkan bidang keahlian yang ditekankan pada Kemampuan lulusan dalam membangun berbagai macam arsitektur jaringan sesuai standar teknologi terkini dan menerapkan keamanan jaringan.
96;16;d16-fasilitas5.jpg;Lab Grafika, Interaksi, dan Game;Laboratorium ini di bidang minat ini menawarkan bidang keahlian yang ditekankan pada kemampuan lulusan dalam mendesain, mengembangkan dan mendokumentasikan proses pembuatan game sesuai dengan standar. Serta membuat model 3 dimensi dan pemograman di dalam realitas virtual serta aplikasi realitas virtual 3 dimensi dengan menggunakan game engine.
97;16;d16-fasilitas6.jpg;Lab Algoritma dan Pemrograman;Laboratorium ini menawarkan bidang keahlian yang ditekankan pada kemampuan lulusan untuk mampu merancang dan menganalisa algoritma dalam menyelesaikan permasalahan secara efektif dan efisien berdasarkan kaidah pemrograman yang kuat, mampu mengaplikasikan model pemrograman yang mendasari berbagai bahasa pemrograman yang ada, serta mampu memilih bahasa pemrograman untuk menghasilkan aplikasi yang sesuai
98;16;d16-fasilitas7.jpg;Lab Manajemen Cerdas Informasi;Laboratorium di bidang minat ini menawarkan bidang keahlian yang ditekankan pada kemampuan lulusan dalam menganalisis, mensintesa dan mengevaluasi proses bisnis dan sistem informasi pada sistem Enterprise, mengimplementasikan rekayasa pengetahuan ke dalam suatu aplikasi, melakukan investigasi, pengujian, evaluasi kematangan dan kepatutan terhadap prosedur standard dan tata kelola teknologi informasi, melakukan tata kelola proyek dan sumber daya manusia dan merancang dan mengimplementasikan solusi basis data terdistribusi dan teknologi Big Data.
99;16;d16-fasilitas8.jpg;Lab Pemodelan dan Komputasi Terapan;Laboratorium ini mewadahi riset dan kerjasama industri di bidang pemodelan & simulasi, peramalan sains, optimasi, serta komputasional saintifik.
100;16;d16-fasilitas9.jpg;Ruang kelas;Departemen Teknik Informatika memiliki 12 ruang kelas, yang masing masing berukuran Lebar 7,29 m dan Panjang 10,05 m dengan luas 73,26 m2. Setiap Ruang kelas dapat menampung 40 orang, namun dapat di-extend lagi menjadi 100 orang, dengan menggabungkan 2 (dua) kelas (IF-105 A dan IF-105 B) dan (IF-107 A dan IF 107 B).
101;16;d16-fasilitas10.jpg;Ruang AULA- Prof. Handayani Tjandrasa;Ruang AULA- Prof. Handayani Tjandrasa, memiliki kapasitas ideal 210 kursi, dan dapat dimaksimalkan menjadi 250 kursi dengan beberapa pertimbangan khusus.
102;16;d16-fasilitas11.jpg;Ruang Baca;
103;16;d16-fasilitas12.jpg;Student Center;Student Center Prof Supeno merupakan fasilitas yang baru dan banyak diminati oleh civitas akademika untuk melangsungkan kegiatan semi outdoor.
104;16;d16-fasilitas13.jpg;Ruang Sidang;Departemen Teknik Informatika memiliki Ruang Sidang yang representatif dan berstandar internasional, yang dapat menampung 40 orang.
105;17;d17-fasilitas1.jpg;Lab Infrastruktur dan Keamanan Teknologi Informasi;Kalab: Dr. Bambang Setiawan,S.Kom., M.T.
106;17;d17-fasilitas2.jpg;Lab manajemen Sistem Informasi;Kalab: Eko Wahyu Tyas D, S. Kom., MBA.
107;17;d17-fasilitas3.jpg;Lab Rekayasa Data dan Intelegensi Bisnis;Kalab: Ahmad Mukhlason, S.Kom., M.Sc., Ph.D.
108;17;d17-fasilitas4.jpg;Lab Akuisisi Data dan Diseminasi Informasi;Kalab: Faizal Johan Atletiko, S.Kom., M.T.
109;17;d17-fasilitas5.jpg;Lab SIstem Enterprise;Kalab: Rully Agus Hendrawan, S.Kom, M.Eng
110;17;d17-fasilitas6.jpg;Ruang Baca;Ruang Baca Sistem Informasi (RBSI) merupakan salah satu fasilitas yang disediakan oleh Jurusan Sistem Informasi ITS untuk mahasiswa serta civitas akademik dalam hal layanan peminjaman, pengembalian, pemanjangan, berbagai koleksi pustaka penunjang proses belajar mengajar di Jurusan Sistem Informasi ITS.
111;17;d17-fasilitas7.jpg;Studio Pemrograman;Studio Pemrograman Sistem Informasi merupakan salah satu lab pendukung kegiatan belajar mengajar di Jurusan Sistem Informasi ITS.
112;17;d17-fasilitas8.jpg;Studio Aplikasi Terapan;Studio Aplikasi Terapan Sistem Informasi merupakan salah satu lab pendukung kegiatan belajar mengajar di Jurusan Sistem Informasi ITS.
113;17;d17-fasilitas9.jpg;Ruang kelas;Semua ruang kuliah dilengkapi dengan sarana pendukung proses pembelajaran modern berupa: AC, White Board, LCD, Hot-Spot
114;17;d17-fasilitas10.jpg;Ruang Auditorium;Ruang Auditorium adalah ruangan  yang disediakan untuk memuat 100 orang atau lebih.
115;17;d17-fasilitas11.jpg;Ruang Sidang;Ruang Sidang Sistem Informasi ditujukan unutuk menunjang mahasiswa tingkat akhir yang siap untuk melakukan kegiatan tugas akhir dan juga sebagai ruang rapat dosen serta pertemuan khusus sehingga ruangan ini dibuat untuk kegiatan yang ekslusif. 
116;18;d18-fasilitas1.jpg;Laboratorium Kota Cerdas dan Keamanan Siber;Laboratorium berkapasitas 45-70 mahasiswa ini digunakan untuk mengembangkan dan meneliti perkembangan kota cerdas dan keamanan siber, untuk kegiatan pembelajaran dan untuk kegiatan praktikum dari beberapa mata kuliah Departemen Teknologi Informasi yang memerlukan aktivitas praktikum.
117;18;d18-fasilitas2.jpg;Ruang kelas;Setiap ruang kelas Departemen Teknologi Informasi dilengkapi dengan fasilitas berupa: AC, LCD, Meja dan Kursi, Papan Tulis
118;19;d19-fasilitas1.jpg;Lab Mekanika dan Mesin-mesin Fluida;Kalab: Prof. Ir. Sutardi, M.Eng, PhD
119;19;d19-fasilitas2.jpg;Lab Mekanika Benda Padat;Laboratorium ini memiliki fokusan pada bidang desain, analisa struktur, dan kekuatan material baik dalam kondisi pembebanan statis maupun dinamis dengan tujuan pemanfaatan untuk melaksanakan Tridharma Perguruan Tinggi.
120;19;d19-fasilitas3.jpg;Lab Rekayasa Vibrasi dan Sistem Otomotif;Laboratorium Rekayasa Vibrasi dan Sistem Otomotif memfokuskan diri pada keilmuan dan pengembangan alat, mesin dan metode baru yang mampu memberikan solusi bagi permasalahan keteknikan yang ada baik di masyarakat maupun industri, khususnya pada bidang: vibration absorber engineering, vibration energy harvesting, automotive, electric vehicle, dan energy recovery system.
121;19;d19-fasilitas4.jpg;Lab Metalurgi;Laboratorium Metalurgi mempunyai fungsi sebagai wadah koordinasi untuk melakukan Tridharma Perguruan Tinggi yang meliputi Pendidikan & Pengajaran, Penelitian, dan Pengabdian pada masyarakat dalam bidang Teknik Mesin khususnya Metalurgi .
122;19;d19-fasilitas5.jpg;Lab Rekayasa Sistem dan Kontrol;Misi utama laboratorium ini adalah untuk mengeksplorasi sains, teknik dan peran sosial dari bidang rekayasa sistem dan kontrol melalui pemanfaatan robotika dan manajemen perawatan.
123;19;d19-fasilitas6.jpg;Lab Rekayasa Produksi;Laboratorium Rekayasa Produksi adalah gabungan dari 2 buah laboratorium, yaitu Laboratorium Perancangan dan Pengembangan Produk dan Laboratorium Proses Manufaktur. 
124;19;d19-fasilitas7.jpg;Lab Rekayasa Thermal dan Sistem Energi;Bidang energi yang menjadi fokusan laboratorium ini diantaranya yaitu termodinamika, perpindahan panas, sistem pembangkit tenaga, energi surya, sistem pendingin dan pengkondisian udara, motor bakar dan bahan bakar serta penelitian lain seputar energi dan pemanfaatannya.
125;19;d19-fasilitas8.jpg;Akses Internet;Fasilitas akses internet selama 24 jam tersedia di lingkungan Departemen Teknik Mesin.
126;20;d20-fasilitas1.jpg;Heat and Mass Laboratory;Penelitian di dalam laboratorium ini dibagi dalam beberapa kelompok, yaitu : Perpindahan Massa, Perpindahan Panas, dan Perpindahan Panas dan Massa bersamaan
127;20;d20-fasilitas2.jpg;Lab Teknologi Material; Adapun riset dalam laboratorium ini berkaitan dengan produksi, pengembangan produk berupa pemrosesan polimer / polymer processing, sintesa polimer / polymer synthesis, serta aplikasi dari proses-proses dan bahan-bahan ramah lingkungan dalam rangka meningkatkan kualitas produk ramah lingkungan dengan kualitas lebih baik.
128;20;d20-fasilitas3.jpg;Laboratorium Biomassa dan Konversi Energi;Secara garis besar roadmap penelitian di Lab. Biomassa dan Konversi Energi berkaitan  dengan pengembangan metode yang lebih ramah lingkungan pada proses konversi biomassa menjadi energy dan produk-produk lainnya bernilai tinggi dari biomassa.
129;20;d20-fasilitas4.jpg;Lab. Pengolahan Limbah Industri dan Biomassa (PLI dan Biomassa);Laboratorium ini bergerak dalam wilayah pengolahan limbah industri baik secara pengolahan biologis maupun secara fisik dan kimia
130;20;d20-fasilitas5.jpg;Lab. Thermodinamika;Prof. Dr. Ir. Gede Wibawa, M. eng
131;20;d20-fasilitas6.jpg;Lab. Elektrokimia dan Korosi;Minat penelitian Laboratorium Teknik Elektrokimia mulai dari sintesis dan karakterisasi bahan elektroda baru hingga desain reaktor elektrokimia industri.
132;20;d20-fasilitas7.jpg;Lab Teknik Biokimia;Laboratorium ini dipimpin oleh Prof. Dr. Ir. Arief Widjaja, M. Eng selaku kepala laboratorium. Laboratorium ini mempelajari tentang peranan berbagai molekul dalam reaksi kimia dan proses yang berlangsung dalam makhluk hidup. Jangkauan ilmu Biokimia sangat luas sesuai dengan kehidupan itu sendiri.
133;20;d20-fasilitas8.jpg;Lab Perancangan dan Pengendalian Proses;Laboratorium ini memiliki dua topik yang menjadi perhatian untuk tugas akhir, yaitu a. Process design b. Process Control
134;20;d20-fasilitas9.jpg;Lab Mekanika Fluida dan Campuran;Sebagai laboratorium riset mempunyai peran dalam capaian pembelajaran terutama dalam meningkatkan penguasaan dan kemampuan penerapan matematika, sains alam.
135;20;d20-fasilitas10.jpg;Ruang Baca;Ruang Baca Teknik Kimia, merupakan salah satu fasilitas yang disediakan oleh Departemen Teknik Kimia ITS untuk mahasiswa serta civitas akademik dalam hal layanan peminjaman, pengembalian, pemanjangan, berbagai koleksi pustaka penunjang proses belajar mengajar di Departemen Teknik Kimia ITS.
136;21;d21-fasilitas1.jpg;Laboratorium Instrumentasi, Kontrol, dan Optimisasi;Sesuai dengan namanya, laboratorium ini fokus dalam bidang instrumentasi dan perkembangannya meliputi manufakturing, desain, hingga aplikasi dari instrumen dan kontrol.
137;21;d21-fasilitas2.jpg;Laboratorium Rekayasa Energi dan Pengkondisian Lingkungan;Laboratorium ini merupakan tempat khusus untuk mempelajari dan mendalami bidang ilmu energi dan pengkondisian lingkungan (rekayasa thermal).
138;21;d21-fasilitas3.jpg;Laboratorium Material Fungsional Maju;Laboratorium Rekayasa Bahan merupakan sarana pendukung untuk melakukan kegiatan pendidikan dan pengajaran, penelitian dan pengabdian kepada masyarakat dalam hal yang berkaitan dengan rekayasa bahan.
139;21;d21-fasilitas4.jpg;Laboratorium Vibrasi dan Akustik;Laboratorium Vibrasi dan Akustik, Departemen Teknik Fisika, Institut Teknologi Sepuluh Nopember mempelajari fenomena suara dan getaran, termasuk pemrosesan pendengaran pada manusia dan penerapannya, seperti speech synthesis, noise mapping, analisa getaran, dan banyak lagi untuk industri dan kemanusiaan.
140;21;d21-fasilitas5.jpg;Laboratorium Rekayasa Fotonika;Kelompok Bidang Keilmuan Rekayasa Fotonika merupakan cabang bidang rekayasa, yang berkaitan dengan penerapan prinsip-prinsip keilmuan Optika dalam mengembangkan suatu sistem optik / fotonik terintegrasi, untuk penggunaan pada berbagai keperluan sehari-hari.
141;21;d21-fasilitas6.jpg;Laboratorium Sistem Tertanam dan Siber-Fisik;Laboratorium Sistem Tertanam dan Siber-Fisik menghubungkan gagasan penelitian terbaru berbasis fisika dengan pengembangan produk/proses dalam format embedded system dan skema internet-of-things.
142;21;d21-fasilitas7.jpg;Laboratorium Pengukuran, Kendalan, Risiko dan Keselamatan;Laboratorium Pengukuran Fisis merupakan laboratorium yang didirikan sebagai laboratorium penunjang keilmuan di Jurusan Teknik Fisika.
143;21;d21-fasilitas8.jpg;Ruang Baca;Selain Laboratorium, Departemen Teknik Fisika ITS memiliki ruang baca sebagai pendukung kegiatan akademik baik bagi mahasiswa maupun dosen.
144;22;d22-fasilitas1.jpg;Laboratorium Pemodelan Quantitatif dan Analisa Kebijakan Industri;Kegiatan yang diselenggarakan dalam Laboratorium OSI ini dibagi menjadi dua bagian besar, yaitu kegiatan rutin dan insidental.
145;22;d22-fasilitas2.jpg;Laboratorium Logistik Dan Manajemen Rantai Pasok;Laboratorium Logistik Dan Manajemen Rantai Pasok merupakan laboratorium pertama di Indonesia yang berkonsentrasi pada bidang-bidang ilmu manajemen logistik dan supply chain management.
146;22;d22-fasilitas3.jpg;Laboratorium Sistem Manufaktur;Dengan tagline Smart & Green, lab ini memiliki peta penelitian yang terbagi dalam 6 fokus yaitu: manufacturing systems supports, intelligent product and process design, manufacturing policy and management, intelligent management, integrated quality systems, dan eco efficiency
147;22;d22-fasilitas4.jpg;Laboratorium Perancangan Sistem dan Manajemen Industri;PMSI difokuskan untuk system manajerial suatu industri sedemikian rupa sehingga mobilisasi dari unit-unit yang ada di Industri tersebut berjalan efektif.
148;22;d22-fasilitas5.jpg;Laboratorium Perancangan Sistem Kerja dan Ergonomi;Laboratorium Desain Sistem Kerja dan Ergonomi berfokus pada pengajaran, kegiatan penelitian, dan pengabdian kepada masyarakat di bidang ergonomi / faktor manusia, teknik kesehatan dan keselamatan kerja.
149;22;d22-fasilitas6.jpg;Perpustakaan;Departemen Teknik Industri mempunyai perpustakaan khusus Jurusan yang lebih dikenal dengan Ruang Baca Teknik Industri (RBTI) yang berlokasi di gedung baru Teknik Industri lantai 1 sejak bulan September 2016
150;22;d22-fasilitas7.jpg;Ruang Multimedia;Ruang Multimedia merupakan ruangan penunjang kelas, diperuntukkan untuk kelas yang membutuhkan penggunaan software.
151;22;d22-fasilitas8.jpg;Ruang Kuliah;Ruang Kuliah terdapat 8 ruang kuliah utama dan setiap ruang kuliah dilengkapi dengan komputer, LCD, proyektor, white board, dan AC untuk menunjang kegiatan belajar mengajar.
152;23;d23-fasilitas1.jpg;Laboratorium Metalurgi Manufaktur;Di laboratorium dipelajari metalurgi yang berhubungan dengan sifat mekanik, fisik, dan kimia dari bahan dan juga proses perlakukan panas untuk merekayasa sifat-sifat material.
153;23;d23-fasilitas2.jpg;Laboratorium Pengolahan Mineral dan Material;Lab ini terlibat dalam penelitian dan pengembangan di beberapa bidang metalurgi ekstraktif termasuk: Pemodelan Proses Tanur Tungku, Pengolahan Bahan Mineral/Menggunakan Microwave, Sintering Bijih Nikel, dan Pemodelan Blast Furnace.
154;23;d23-fasilitas3.jpg;Laboratorium Inovasi Material;Fasilitas yang ada di lab ini terkait penelitian polimer dan komposit diantaranya 3D printer, universal testing machine (UTM) kapasitas 10 ton, hand truder dan extruder untuk proses manufaktur material polimer dan komposit, dll.
155;23;d23-fasilitas4.jpg;Laboratorium Fisika Material;Laboratorium ini mempelajari properti fisis dari suatu material sehingga dia bisa menjadi suatu bahan yang baru yang terdapat inovasi di dalamnya.
156;23;d23-fasilitas5.jpg;Laboratorium Korosi dan Kegagalan Material;Lab ini berfokus dalam bidang pencegahan korosi, manajemen penanggulangan korosi, analisis kegagalan material, proses elektrokimia, dan sintesis material.
157;23;d23-fasilitas6.jpg;Laboratorium Kimia  Material;Lab ini bertujuan untuk memfasilitasi kegiatan praktikum dan penelitian yang berhubungan dengan sifat kimia material.
158;23;d23-fasilitas7.jpg;Ruang Baca;Teknik Material dan Metalurgi memiliki ruang baca yang merupakan salah satu fasilitas yang disediakan oleh Departemen Teknik Material dan Metalurgi ITS untuk mahasiswa serta civitas akademik dalam hal layanan peminjaman, pengembalian, pemanjangan, berbagai koleksi pustaka penunjang proses belajar mengajar di Departemen Teknik Material dan Metalurgi ITS.
159;25;d25-fasilitas1.jpg;Laboratorium desain kapal;Penelitian mengenai desain dan rekayasa kapal. Diketuai oleh Hasanudin, S.T., M.T.
160;25;d25-fasilitas2.jpg;Laboratorium hidrodinamika;Penelitian mengenai pengujian dan pengembangan berbagai desain kapal. Diketuai oleh Prof. Dr. Ir. Ketut Suastika
161;25;d25-fasilitas3.jpg;Laboratorium konstruksi dan kelautan kapal;Penelitian mengenai pengujian material yang akan digunakan dalam pembangunan kapal. Diketuai oleh M Nurul Misbach, S.T., M. T.
162;25;d25-fasilitas4.jpg;Laboratorium teknologi dan manajemen produksi kapal;Fokus pada kegiatan pengelasan  pembangunan kapal baja. Diketuai oleh Ir. Triwilaswandio W P, M.Sc.
163;25;d25-fasilitas5.jpg;Ruang Kelas;"Departemen Teknik Perkapalan menyediakan ruang kelas dengan fasilitas pendukung yang memadai. Fasilitas pendukung di setiap kelas antara lain; LCD projector, koneksi internet, kursi, meja, papan tulis, alat tulis, dan AC."
164;25;d25-fasilitas6.jpg;Studio gambar;Studio gambar mendukung kegiatan perkuliahan dan praktikum mahasiswa untuk beberapa mata kuliah.
165;25;d25-fasilitas7.jpg;Ruang baca bersama;Ruang baca bersama Fakultas Teknologi Kelautan memiliki berbagai koleksi buku di bidang maritim dan teknologi kelautan berupa textbook, prosiding seminar dan jurnal ilmiah. Dilengkapi dengan fasilitas berupa perangkat komputer dan akses internet. 
166;26;d26-fasilitas1.jpg;Lab Marine Manufacture and Design (MMD);Laboratorium Perancangan dan Manufaktur Memiliki focus penelitian yang berkaitan dengan desain bangunan laut, seperti kapal dan offshore structure.
167;26;d26-fasilitas2.jpg;Lab Mesin Kapal dan Getaran;Laboratorium mesin kapal dan getaran merupakan laboratorium yang menjadi icon Departemen Teknik Sistem Perkapalan ITS. Laboratorium ini mempelajari tentang internal combustion engine (motor bakar dalam, yang digunakan untuk penggerak utama kapal.
168;26;d26-fasilitas3.jpg;Listrik Kapal dan Otomasi;Laboratorium Listrik Kapal dan Otomatisasi merupakan laboratorium di Departemen Teknik Sistem Perkapalan yang berkonsentrasi pada pemahaman terhadap karakteristik dan aplikasi motor-motor listrik, sistem kelistrikan serta sistem kendali di kapal.
169;26;d26-fasilitas4.jpg;Lab Mesin Fluida dan Sistem;Laboratorium Mesin Fluida dan Sistem merupakan laboratorium di Departemen Teknik Sistem Perkapalan (DTSP) yang bergerak di bidang Sistem Penunjang di Kapal (Marine Supporting System).
170;26;d26-fasilitas5.jpg;Lab Keandalan dan Keselamatan Sistem;Laboratorium  Keandalan dan Keselamatan secara resmi telah berdiri sejak 1997 bertujuan untuk fasilitas tujuan akademis dan penelitian di kalangan Departemen Teknik Sistem Perkapalan, Fakultas Teknologi Kelautan.
171;26;d26-fasilitas6.jpg;Digital Operasional dan Perawatan Sistem Perkapalan;Laboratorium Digital Marine Operation dan Maintenance System merupakan Laboratorium di Departemen Teknik Sistem Perkapalan yang Menyediakan fasilitas penelitian dan pengajaran bagi mahasiswa Teknik Sistem Perkapalan, khususnya program Double Degree, terkait dengan sistem operasi kapal, seperti pemahaman pengoperasi sistem permesinan dan navigasi di Kapal.
172;27;d27-fasilitas1.jpg;Laboratorium hidrodinamika bangunan laut;Diketuai oleh Ir. Murdjito, MDc. Eng.
173;27;d27-fasilitas2.jpg;Laboratorium struktur, material dan produksi bangunan laut;Diketuai oleh Yoyok Setyo Hadiwidodo, ST., MT., PhD.
174;27;d27-fasilitas3.jpg;Laboratorium konstruksi bangunan laut;Diketuai oleh Prof. Ir. Daniel M. Rosyid, PhD.
175;27;d27-fasilitas4.jpg;Laboratorium rekayasa hidro - informatika kelautan;Diketuai oleh Silvianita, ST., MSc., PhD.
176;27;d27-fasilitas5.jpg;Laboratorium lingkungan dan energi laut;Diketuai oleh Prof. Mukhtasor, Ph.D.
177;27;d27-fasilitas6.jpg;Laboratorium Infrastruktur pantai dan pelabuhan;Diketuai oleh Dr. M. Mustain, MSc.
178;27;d27-fasilitas7.jpg;Ruang Baca;Departemen Teknik Kelautan memiliki ruang baca dengan beragam koleksi buku dan literatur ilmiah.
179;27;d27-fasilitas8.jpg;Ruang Kelas;Departemen Teknik Kelautan memiliki fasilitas r sebanyak 7 ruangan yang dilengkapi dengan uang kelasLCD Proyektor serta pendingin ruangan.
180;28;d28-fasilitas1.jpg;Lab. Transportasi Laut dan Logistik;Dalam bidang pendidikan, laboratorium ini berhubungan dengan beberapa mata kuliah, antara lain: Analisis Jaringan Transportasi Laut, Rekayasa Logistik, Tugas Merancang kapal, dan Tugas Perencanaan Transportasi Laut
181;28;d28-fasilitas2.jpg;Lab. Telematika Transportasi Laut;Berkaitan dengan pendidikan laboratorium ini berhubungan dengan beberapa mata kuliah, antara lain: Perencanaan Pelabuhan, Manajemen Pelabuhan, dan Pelabuhan Lanjut
182;28;d28-fasilitas3.jpg;Lab. Komputasi dan Riset Operasi;Berbeda dengan ketiga laboratorium lainnya di Departemen Teknik Transportasi Laut yang merupakan laboratorium berbasis penelitian, laboratorium ini merupakan laboratorium pengajaran yang berfungsi untuk memfasilitasi mata kuliah – mata kuliah yang membutuhkan praktikum berbasis komputasi, seperti: Menggambar Teknik, Pemrograman Komputer, Riset Operasi, dan Pemodelan Transportasi Laut.
183;29;d29-fasilitas1.jpg;Laboratorium;
184;29;d29-fasilitas2.jpg;Ruang Kelas;
185;29;d29-fasilitas3.jpg;Ruang Administrasi dan Kantor;
186;29;d29-fasilitas4.jpg;Ruang Kerja Bersama;
187;29;d29-fasilitas5.jpg;Sarana Ibadah;
188;29;d29-fasilitas6.jpg;Taman dan gazebo;
189;30;d30-fasilitas1.jpg;Laboratorium Beton dan Bahan Bangunan;Penelitian terkait pengembangan bahan produk baru, rehabilitasi, perbaikan, dan retrofit bangunan. Diketuai oleh Prof. Ir. Priyo Suprobo, MS, Ph.D
190;30;d30-fasilitas2.jpg;Laboratorium Struktur ;Penelitian terkait pengujian, desain struktur dan bahan, serta pengawasan aplikasi struktural. Diketuai oleh Dr. Ir. Djoko Irawan, Ms
191;30;d30-fasilitas3.jpg;Laboratorium Mekanika Tanah dan Batuan;Penelitian terkait tes pengeboran tanah, uji beban dan Plate Bearing Test, tes fisik dan tes perilaku rekayasa tanah. Diketuai oleh Prof. Ir. Indrasurya B.M., M.Sc, Ph.D
192;30;d30-fasilitas4.jpg;Laboratorium Bahan Jalan dan Transportasi;Penelitian terkait pengujian pada aspal, perencanaan transportasi darat dan angkutan laut, serta desain bandara. Diketuai oleh Ir. Hera Widyastuti, MT, Ph.D
193;30;d30-fasilitas5.jpg;Laboratorium Rekayasa Sumber Daya Air dan Pantai;Penelitian terkait rekayasa pantai, rancang bangun sungai, sedimen, irigasi, drainase, air tanah, hidrologi, dan pengelolaan sumber daya air. Diketuai oleh Prof. Ir. Dr. Nadjadji Anwar, M.Sc
194;30;d30-fasilitas6.jpg;Laboratorium Manajemen Konstruksi;Penelitian terkait rekayasa konstruksi dan manajemen, serta konstruksi dan properti ekonomi. Diketuai oleh Ir. I Putu Artama W, MT, Ph.D
195;30;d30-fasilitas7.jpg;Ruang Baca Teknik Sipil;Merupakan salah satu fasilitas yang disediakan oleh Departemen Teknik Sipil untuk mahasiswa serta civitas akademik dalam hal layanan peminjaman, pengembalian, perpanjangan, berbagai koleksi pustaka penunjang proses belajar mengajar di Departemen Teknik Sipil ITS.
196;30;d30-fasilitas8.jpg;Ruang Kelas;Dilengkapi dengan Smart LCD Proyektor tipe Short Row, Media Streamer untuk Online dan juga Audio.
197;30;d30-fasilitas9.jpg;Ruang Sidang;Departemen Teknik Sipil memiliki 2 Buah Ruang Sidang, yaitu Ruang Sidang S1 (Utama) dan Ruang Sidang S3.
198;30;d30-fasilitas10.jpg;Taman Teknik Sipil;Teknik Sipil menyadari pentingnya area terbuka sebagai media relaksasi dan sumber inspirasi.
199;30;d30-fasilitas11.jpg;Kantin;Departemen Teknik Sipil memiliki kantin yang nyaman dengan pilihan menu makanan yang variatif.
200;31;d31-fasilitas1.jpg;Lab Perancangan Kota (Urban Design);Diketuai oleh DR. Ing. Ir. Bambang Soemardiono
201;31;d31-fasilitas2.jpg;Lab Perancangan Arsitektur (Architecture Design);Diketuai oleh Prof. Dr. Ir. Vincentius Totok Nurwasito, M.T.
202;31;d31-fasilitas3.jpg;Lab teori, Sejarah, dan Kritik Arsitektur (Architecture History, Theory, and Criticism);Diketuai oleh Nur Endah Nuffida, S.T., M.T.
203;31;d31-fasilitas4.jpg;Lab Sains dan Teknologi Arsitektur (Architecture Science and Technology;Diketuai oleh Dr Eng. Dipl Ing. Ir.Sri Nastiti Nugrahani Ekasiwi M.T.
204;31;d31-fasilitas5.jpg;Lab perumahan dan Permukiman (Housing and Settlement);Diketuai oleh Sarah Cahyadini, Ph.D.
205;31;d31-fasilitas6.jpg;Ruang Studio;Departemen Arsitektur ITS menyediakan fasilitas ruang studio untuk menunjang proses pembelajaran perancangan arsitektur di program sarjana, magister, dan profesi arsitek dengan kapasitas 100-110 mahasiswa.
206;31;d31-fasilitas7.jpg;Ruang Baca;Departemen Arsitektur ITS menyediakan fasilitas ruang baca untuk menunjang kegiatan akademik dan penelitian.
207;31;d31-fasilitas8.jpg;Ruang Sidang;Departemen Arsitektur ITS menyediakan fasilitas ruang sidang untuk menunjang kegiatan pertemuan, kuliah umum, seminar dan pelatihan.
208;32;d32-fasilitas1.jpg;Laboratorium teknologi pengolahan air;Berfokus pada analisa, monitoring kualitas, dan pengelolaan air minum. Diketuai oleh Adhi Yuniarto, ST., MT., PhD
209;32;d32-fasilitas2.jpg;Laboratorium remediasi lingkungan;Berfokus pada penyebab pencemaran badan air, dan desain sistem pengendaliannya. Diketuai oleh Bieby Voijant Tangahu, ST., MT., PhD
210;32;d32-fasilitas3.jpg;Laboratorium pengolahan limbah padat dan limbah B3;Berfokus pada uji limbah padat dan pengolahan bahan beracun dan berbahaya serta memfasilitasi praktikum kimia lingkungan dan mikrobiologi lingkungan. Diketuai oleh Arseto Sekti Bagastyo, ST., MPhil., PhD
211;32;d32-fasilitas4.jpg;Laboratorium manajemen kualitas lingkungan;Berfokus pada analisa dan manajemen lingkungan. Diketuai oleh Dr. R. Irwan Bagyo Santoso, MT
212;32;d32-fasilitas5.jpg;Laboratorium pengendalian pencemaran udara dan perubahan iklim;Berfokus pada analisa pengendalian pencemaran udara dan dampaknya terhadap lingkungan, serta efek rumah kaca terhadap perubahan iklim global. Diketuai oleh Dr. Abdu Fadli Assomadi, S. Si., MT
213;32;d32-fasilitas6.jpg;Ruang Kelas;Departemen Teknik Lingkungan ITS memiliki 9 ruang kelas dilengkapi LCD proyektor, AC, dan CCTV. 
214;32;d32-fasilitas7.jpg;Gedung Studio Workshop;Gedung Studio Workshop yang mendukung kegiatan penelitian baik untuk mahasiswa maupun dosen Teknik Lingkungan.
215;32;d32-fasilitas8.jpg;Ruang baca;Ruang baca Departemen Teknik Lingkungan memiliki koleksi buku dan literatur yang dapat diakses melalui aplikasi Ruang Baca online.
216;32;d32-fasilitas9.jpg;Bangunan pengolahan air limbah dan sampah padat;Bangunan pengolahan air limbah dan sampah padat digunakan untuk menampung dan megolah air limbah dan sampah padat.
217;33;d33-fasilitas1.jpg;Laboratorium transportasi dan analisa spasial;Penelitian mengenai manajemen resiko dan bencana, pemodelan land use, pemodelan transportasi, pemodelan spasial, dan sistem informasi. Perencanaan. Diketuai oleh Siti Nurlaela , S.T., M.COM., Ph.D.
218;33;d33-fasilitas2.jpg;Laboratorium pengembangan perkotaan dan desain;Penelitian mengenai perancangan kota dan bentuk bangunan perkotaan. Diketuai oleh Dr. Ir. Eko Budi Santoso , Lic.rer.reg.
219;33;d33-fasilitas3.jpg;Laboratorium pengembangan wilayah, pesisir, dan lingkungan;Penelitian mengenai Regional Disparities, Rural Planning, Urban Rural Linkage, Urban Mobility, Competition & Collaboration among Regions, Disaster Management, Ecological Carrying Capacity, Sustainable Coastal Development, serta Tourism Planning. Diketuai oleh  Ir. Putu Rudy Satiawan, M.Sc.
220;33;d33-fasilitas4.jpg;Training Center;PWK ITS juga memiliki ruang Training Center sebagai sarana tambahan untuk kegiatan belajar mengajar.
221;33;d33-fasilitas5.jpg;Ruang Kelas;Setiap kelas dilengkapi dengan papan tulis, speaker, LCD proyektor, AC, Meja dan Kursi, serta akses WiFi.
222;33;d33-fasilitas6.jpg;Ruang Baca;Ruang Baca Departemen PWK memiliki lebih dari 1.500 judul buku dan juga berisi kumpulan buku-buku penelitian Tugas Akhir mahasiswa.
223;33;d33-fasilitas7.jpg;Ruang Seminar;Dilengkapi dengan berbagai fasilitas seperti, LCD Proyektor, speaker aktif, papan gantung, meja dan kursi, serta AC.
224;33;d33-fasilitas8.jpg;Taman dan Plaza;Taman dan Plaza ini merupakan fasilitas yang paling banyak diminati oleh mahasiswa, karena berada di area yang sejuk dan nyaman untuk ditempati.
225;34;d34-fasilitas1.jpg;Laboratorium geodesi dan geodinamika;Penelitian mengenai godesi, geodinamika, deformasi, altimetri, dan geoid. Diketuai oleh Akbar Kurniawan, ST., MT.
226;34;d34-fasilitas2.jpg;Laboratorium geospasial;Penelitian mengenai penginderaan jauh, infrastruktur informasi geospasial, pengembangan geoportal, dan pemetaan bencana. Diketuai oleh Husnul Hidayat, ST., MT.
227;34;d34-fasilitas3.jpg;Laboratorium surveying dan kadaster ;Penelitian mengenai surveying, pemetaan terestris, kadaster, dan pemetaan batas wilayah. Diketuai oleh Dr. Filsa Bioresita, ST., MT.
228;34;d34-fasilitas4.jpg;Laboratorium geomarin;Penelitian mengenai pemetaan laut. Diketuai oleh Cherie Bhekti Pribadi, ST., MT.
229;34;d34-fasilitas5.jpg;Laboratorium geoinformatika;Penelitian mengenai Geo-komputasi, Geo-informasi, dan Geo-visualisasi. Diketuai oleh Agung Budi Cahyono, ST., MSc., DEA.
230;34;d34-fasilitas6.jpg;Ruang Baca;Departemen Teknik Geomatika menyediakan ruang baca dengan beragam koleksi buku teks, majalah dan literatur ilmiah.
231;34;d34-fasilitas7.jpg;Ruang kelas;Ruang kelas berkapasitas 40 orang yang dilengkapi dengan fasilitas berupa papan tulis whiteboard dan blackboard, LCD projector, pendingin ruangan, serta akses WiFi.
232;34;d34-fasilitas8.jpg;Ruang Sidang;Ruang Sidang Departemen Teknik Geomatika dilengkapi dengan Air Conditioner, LED TV, dan koneksi internet WiFi. Ruang sidang Teknik Geomatika dapat digunakan untuk penyelenggaraan sidang Tugas Akhir, rapat, maupun menerima tamu.
233;34;d34-fasilitas9.jpg;Kantin;Kantin Geomatika menyediakan berbagai menu makanan dan minuman bernutrisi dalam berbagai variasi.
234;34;d34-fasilitas10.jpg;Musholah Al-Idrisi;Musholah Al-Idrisi berada di lantai 4 Gedung 1 Departemen Teknik Geomatika.
235;35;d35-fasilitas1.jpg;Laboratorium eksplorasi mineral dan air tanah;Penelitian fokus pada eksplorasi daerah karst, sistem hidrologi dan geothermal. Diketuai oleh Moh. Singgih Purwanto, S.Si, M.T.
236;35;d35-fasilitas2.jpg;Laboratorium geofisika dan teknik lingkungan;Fokus penelitian pada Near Surface, kebencanaan dan mitigasi, Mud Volcano, dan Arkeogeofisik. Diketuai oleh Dr. Amien Widodo, M.Si.
237;35;d35-fasilitas3.jpg;Laboratorium petrofisika;Penelitian terkait bidang Rock Properties, dan kemagnetan buatan. Diketuai oleh Dr. Widya Utama, DEA.
238;35;d35-fasilitas4.jpg;Ruang Komputasi;Ruang Komputasi Teknik Geofisika merupakan salah satu fasilitas yang disediakan oleh Departemen guna menunjang proses pembelajaran.
239;35;d35-fasilitas5.jpg;Ruang Baca;Ruang Baca Teknik Geofisika merupakan salah satu fasilitas yang disediakan oleh Departemen guna menunjang proses pembelajaran.
240;35;d35-fasilitas6.jpg;Ruang himpunan;Ruang himpunan adalah fasilitas yang disediakan khusus sebagai tempat kerja mahasiswa Himpunan Mahasiswa Teknik Geofisika (HMTG) ITS.
241;35;d35-fasilitas7.jpg;Kelas alam atau capstone;Kelas alam atau capstone digunakan dalam kuliah lapangan teknik geofisika ITS.
242;36;d36-fasilitas1.jpg;Laboratorium Transportasi dan Geoteknik (LTG);Diketuai oleh Ir. Agung Budipriyanto, M.Eng., Ph D.. Terdiri dari 2 lab yaitu: Laboratorium Uji Bahan Jalan dan Laboratorium Uji Tanah
243;36;d36-fasilitas2.jpg;Laboratorium Hidrologi dan Surveying (LHS);Diketuai oleh S. Kamilia Aziz, ST., MT. Terdiri dari 2 lab yaitu: Laboratorium Ukur Tanah dan Laboratorium Hidrologi dan Hidrolika
244;36;d36-fasilitas3.jpg;Laboratorium Material dan Struktur Gedung (LMSG);Diketuai oleh  Ir. Ridho Bayuaji, ST, MT., Ph.D., IPM., ASEAN Eng.
245;36;d36-fasilitas4.jpg;Laboratorium Manajemen Pelaksanaan Konstruksi (LMPK);Laboratorium Manajemen Pelaksanaan Konstruksi (LMPK) mempunyai TUK K3 Konstruksi dan materi metode penjadwalan dan pelaksanaan konstruksi.
246;36;d36-fasilitas5.jpg;Ruang serba guna;Dilengkapi dengan fasilitas audio visual yang mumpuni untuk menunjang kegiatan belajar mengajar mahasiswa termasuk seminar dan kuliah tamu yang mampu menampung 100 mahasiswa.
247;36;d36-fasilitas6.jpg;Gazebo dan Taman Terbuka Hijau;Gazebo dan taman terbuka hijau supaya memberikan suasana kondusif selama berlangsungnya masa perkuliahan maupun pembelajaran, selain itu tersedia juga masjid untuk kegiatan beribadah dan kajian kajian agama serta untuk kegiatan organisasi keagamaan mahasiswa.
248;37;d37-fasilitas1.jpg;Lab Manufaktur;Laboratorium Manufaktur berfungsi sebagai penunjang mata kuliah Proses Manufaktur serta praktikum yang meliputi Praktikum Ilmu Logam, Ilmu Bahan dan Material Metalurgi.
249;37;d37-fasilitas2.jpg;Lab Konversi Energi;Laboratorium ini berfokus pada riset, pembelajaran dan pelayanan hal hal yang terkait dengan proses dan peralatan pengubah energi fluida dari satu bentuk ke bentuk lain yang dapat dimanfaatkan.
250;37;d37-fasilitas3.jpg;Lab Perancangan Mekanik;Kalab: Ir. Budi Luwar Sanyoto, MT
251;37;d37-fasilitas4.jpg;Lab Material Teknik dan Metalurgi;Laboratorium Material Teknik dan Metalurgi berfungsi untuk mendukung praktikum dan penelitian.
252;37;d37-fasilitas5.jpg;Ruang Baca;Ruang Baca Teknik Mesin Industri (RBcTMI) merupakan salah satu fasilitas yang disediakan oleh Departemen Teknik Mesin Industri untuk mahasiswa serta civitas akademik dalam hal layanan peminjaman, pengembalian, pemanjangan, serta berbagai koleksi bahan pustaka penunjang proses belajar mengajar di Departemen.
253;37;d37-fasilitas6.jpg;Ruang Kelas;Kelas yang dilengkapi dengan fasilitias penunjang seperti LCD projector, laptop, koneksi internet, kursi, meja, papan tulis, dan AC.
254;38;d38-fasilitas1.jpg;Laboratorium Programmable Logic Controller dan Sistem Kontrol Supervisori;Kalab: Ir. Joko Susila, M.T.
255;38;d38-fasilitas2.jpg;Laboratorium Cyber Physical Otomasi dan Robot Industri;Kalab: Imam Arifin, ST., MT.
256;38;d38-fasilitas3.jpg;Laboratorium Mikroelektronika dan Sistem Embedded;Kalab: Ir. Arif Mustofa, MT.
257;38;d38-fasilitas4.jpg;Lab Motor Penggerak dan Sistem Elektronika Daya;Memiliki peralatan-peralatan terkait dengan motor, mesin-mesin penggerak listrik, dan elektronika daya.
258;39;d39-fasilitas1.jpg;Laboratorium Sistem Operasi Proses;Kalab: Prof. Dr. Ir. Danawati Hari Prajitno, M.Pd. Lab ini yang memiliki fokusan di bidang instrumen pada industri
259;39;d39-fasilitas2.jpg;Laboratorium Bioteknologi Industri;Kalab: Saidah Altway, ST, MT, MSc. Lab yang memiliki fokusan tentang pengolahan Limbah
260;39;d39-fasilitas3.jpg;Laboratorium Kimia Terapan;Kalab: Achmad Ferdiansyah Pradana Putra, ST., MT. Lab yang memiliki fokusan tentang aplikasi kimia terapan kehidupan sehari hari
261;39;d39-fasilitas4.jpg;Laboratorium Proses Industri Kimia;Lab yang memiliki fokusan pada optimasi proses di industri
262;39;d39-fasilitas5.jpg;Ruang baca;Ruang Baca berfungsi sebagai pusat kegiatan belajar mengajar, pusat penelitian dan pusat informasi bagi pelaksanaan Tri Dharma Perguruan Tinggi dengan tugas melaksanakan pengelolaan Ruang Baca serta menyiapkan, menyajikan bahan pustaka serta pelayanan perpustakaan dan bertanggung jawab dalam pemeliharaan, pengolahan bahan pustaka dan sarana perpustakaan.
263;39;d39-fasilitas6.jpg;Ruang kelas;Semua kelas yang ada di Departemen  Teknik Kimia Industri Fakultas Vokasi ITS sudah dilengkapi dengan LCD Projector, AC, dan Wifi guna menunjang kelancaran proses belajar mengajar.
264;40;d40-fasilitas1.jpg;Lab Instrumentasi Pengendalian;Kalab: Dr.Ir Totok Soehartanto,DEA
265;40;d40-fasilitas2.jpg;Lab Safety Instrumentation System;Kalab: Sefi Novendra Patrialova
266;40;d40-fasilitas3.jpg;Lab Teknik Pengukuran;Kalab: Herry Sufyan H., S.T., M.T.
267;40;d40-fasilitas4.jpg;Ruang sidang;Fasilitas ini didukung oleh: Proyektor, Wireless Microphone dan Sound System, Pendingin ruangan, dan Akses internet Wi-Fi
268;40;d40-fasilitas5.jpg;Ruang kelas;Fasilitas ini didukung dengan proyektor, akses internet WiFi, dan pendingin ruangan
269;40;d40-fasilitas6.jpg;Smart classroom;Smart classroom dapat digunakan untuk menyelenggarakan perkuliahan dengan sistem hybrid (dua saluran yakni luring dan daring).
270;41;d41-fasilitas1.jpg;Lab Statistika Bisnis-Analitik;Bisnis analitik merupakan istilah untuk sekumpulan  keterampilan, teknologi, dan eksplorasi data bisnis masa lalu untuk mendapatkan wawasan dan arah  perencanaan bisnis.
271;41;d41-fasilitas2.jpg;Lab Statistika Rekayasa Kualitas dan Produktivitas;Kualitas dan produktivitas merupakan hal penting dalam setiap jenis dan sektor industry baik jasa maupun barang.
272;41;d41-fasilitas3.jpg;Ruang baca;Ruang Baca Statistika Bisnis merupakan salah satu fasilitas yang disediakan oleh Departemen Statistika ITS untuk mahasiswa serta civitas akademik dalam hal layanan peminjaman, pengembalian, pemanjangan, berbagai koleksi pustaka penunjang proses belajar mengajar di Departemen Statistika Bisnis ITS.
273;41;d41-fasilitas4.jpg;Ruang kelas;Departemen Statistika Bisnis telah menyediakan tiga ruang kelas dengan fasilitas AC dan LCD Proyektor.
